Period,Final Demand Code,Measure,Unit,Value
year/1990,FD 1,greenhouse-gas-emissions,kt-co2e,640481.814
year/1990,FD 1,greenhouse-gas-emissions,kt-co2e,142316.6
year/1990,FD 2,greenhouse-gas-emissions,kt-co2e,5785.905
year/1990,FD 3,greenhouse-gas-emissions,kt-co2e,46668.464
year/1990,FD 4,greenhouse-gas-emissions,kt-co2e,43496.597
year/1990,FD 5,greenhouse-gas-emissions,kt-co2e,128651.644
year/1990,FD 6,greenhouse-gas-emissions,kt-co2e,234.299
year/1990,FD 7,greenhouse-gas-emissions,kt-co2e,2405.792
year/1991,FD 1,greenhouse-gas-emissions,kt-co2e,640731.943
year/1991,FD 1,greenhouse-gas-emissions,kt-co2e,150965.6
year/1991,FD 2,greenhouse-gas-emissions,kt-co2e,5903.428
year/1991,FD 3,greenhouse-gas-emissions,kt-co2e,46699.577
year/1991,FD 4,greenhouse-gas-emissions,kt-co2e,44549.807
year/1991,FD 5,greenhouse-gas-emissions,kt-co2e,128583.78
year/1991,FD 6,greenhouse-gas-emissions,kt-co2e,237.8
year/1991,FD 7,greenhouse-gas-emissions,kt-co2e,2431.582
year/1992,FD 1,greenhouse-gas-emissions,kt-co2e,603858.448
year/1992,FD 1,greenhouse-gas-emissions,kt-co2e,149142.6
year/1992,FD 2,greenhouse-gas-emissions,kt-co2e,5656.902
year/1992,FD 3,greenhouse-gas-emissions,kt-co2e,44728.659
year/1992,FD 4,greenhouse-gas-emissions,kt-co2e,44217.605
year/1992,FD 5,greenhouse-gas-emissions,kt-co2e,120594.818
year/1992,FD 6,greenhouse-gas-emissions,kt-co2e,225.305
year/1992,FD 7,greenhouse-gas-emissions,kt-co2e,2350.468
year/1993,FD 1,greenhouse-gas-emissions,kt-co2e,579245.701
year/1993,FD 1,greenhouse-gas-emissions,kt-co2e,154158.5
year/1993,FD 2,greenhouse-gas-emissions,kt-co2e,6287.479
year/1993,FD 3,greenhouse-gas-emissions,kt-co2e,43401.417
year/1993,FD 4,greenhouse-gas-emissions,kt-co2e,40397.241
year/1993,FD 5,greenhouse-gas-emissions,kt-co2e,112820.125
year/1993,FD 6,greenhouse-gas-emissions,kt-co2e,165.074
year/1993,FD 7,greenhouse-gas-emissions,kt-co2e,5376.608
year/1994,FD 1,greenhouse-gas-emissions,kt-co2e,565408.139
year/1994,FD 1,greenhouse-gas-emissions,kt-co2e,149261.6
year/1994,FD 2,greenhouse-gas-emissions,kt-co2e,6218.819
year/1994,FD 3,greenhouse-gas-emissions,kt-co2e,42704.356
year/1994,FD 4,greenhouse-gas-emissions,kt-co2e,38501.426
year/1994,FD 5,greenhouse-gas-emissions,kt-co2e,113616.737
year/1994,FD 6,greenhouse-gas-emissions,kt-co2e,158.206
year/1994,FD 7,greenhouse-gas-emissions,kt-co2e,7048.961
year/1995,FD 1,greenhouse-gas-emissions,kt-co2e,537566.733
year/1995,FD 1,greenhouse-gas-emissions,kt-co2e,144160.5
year/1995,FD 2,greenhouse-gas-emissions,kt-co2e,6100.667
year/1995,FD 3,greenhouse-gas-emissions,kt-co2e,40169.275
year/1995,FD 4,greenhouse-gas-emissions,kt-co2e,35016.511
year/1995,FD 5,greenhouse-gas-emissions,kt-co2e,110243.662
year/1995,FD 6,greenhouse-gas-emissions,kt-co2e,304.92
year/1995,FD 7,greenhouse-gas-emissions,kt-co2e,7990.468
year/1996,FD 1,greenhouse-gas-emissions,kt-co2e,531839.669
year/1996,FD 1,greenhouse-gas-emissions,kt-co2e,159758.6
year/1996,FD 2,greenhouse-gas-emissions,kt-co2e,7256.318
year/1996,FD 3,greenhouse-gas-emissions,kt-co2e,51544.555
year/1996,FD 4,greenhouse-gas-emissions,kt-co2e,37602.402
year/1996,FD 5,greenhouse-gas-emissions,kt-co2e,99925.681
year/1996,FD 6,greenhouse-gas-emissions,kt-co2e,2598.286
year/1996,FD 7,greenhouse-gas-emissions,kt-co2e,7626.579
year/1997,FD 1,greenhouse-gas-emissions,kt-co2e,617476.072
year/1997,FD 1,greenhouse-gas-emissions,kt-co2e,153633.5
year/1997,FD 2,greenhouse-gas-emissions,kt-co2e,5266.261
year/1997,FD 3,greenhouse-gas-emissions,kt-co2e,41133.822
year/1997,FD 4,greenhouse-gas-emissions,kt-co2e,48235.492
year/1997,FD 5,greenhouse-gas-emissions,kt-co2e,132046.187
year/1997,FD 6,greenhouse-gas-emissions,kt-co2e,2598.286
year/1997,FD 7,greenhouse-gas-emissions,kt-co2e,6697.578
year/1998,FD 1,greenhouse-gas-emissions,kt-co2e,641644.143
year/1998,FD 1,greenhouse-gas-emissions,kt-co2e,155851.2
year/1998,FD 2,greenhouse-gas-emissions,kt-co2e,5552.052
year/1998,FD 3,greenhouse-gas-emissions,kt-co2e,42439.309
year/1998,FD 4,greenhouse-gas-emissions,kt-co2e,49400.836
year/1998,FD 5,greenhouse-gas-emissions,kt-co2e,140621.446
year/1998,FD 6,greenhouse-gas-emissions,kt-co2e,3322.552
year/1998,FD 7,greenhouse-gas-emissions,kt-co2e,10611.664
year/1999,FD 1,greenhouse-gas-emissions,kt-co2e,635071.421
year/1999,FD 1,greenhouse-gas-emissions,kt-co2e,157177.7
year/1999,FD 2,greenhouse-gas-emissions,kt-co2e,5581.033
year/1999,FD 3,greenhouse-gas-emissions,kt-co2e,42581.989
year/1999,FD 4,greenhouse-gas-emissions,kt-co2e,48741.369
year/1999,FD 5,greenhouse-gas-emissions,kt-co2e,135257.57
year/1999,FD 6,greenhouse-gas-emissions,kt-co2e,3126.871
year/1999,FD 7,greenhouse-gas-emissions,kt-co2e,7550.6
year/2000,FD 1,greenhouse-gas-emissions,kt-co2e,635216.394
year/2000,FD 1,greenhouse-gas-emissions,kt-co2e,157589.2
year/2000,FD 2,greenhouse-gas-emissions,kt-co2e,5264.675
year/2000,FD 3,greenhouse-gas-emissions,kt-co2e,42814.545
year/2000,FD 4,greenhouse-gas-emissions,kt-co2e,47579.132
year/2000,FD 5,greenhouse-gas-emissions,kt-co2e,139959.875
year/2000,FD 6,greenhouse-gas-emissions,kt-co2e,4265.585
year/2000,FD 7,greenhouse-gas-emissions,kt-co2e,6870.951
year/2001,FD 1,greenhouse-gas-emissions,kt-co2e,656649.405
year/2001,FD 1,greenhouse-gas-emissions,kt-co2e,161550.5
year/2001,FD 2,greenhouse-gas-emissions,kt-co2e,5526.97
year/2001,FD 3,greenhouse-gas-emissions,kt-co2e,43273.579
year/2001,FD 4,greenhouse-gas-emissions,kt-co2e,48219.545
year/2001,FD 5,greenhouse-gas-emissions,kt-co2e,137560.803
year/2001,FD 6,greenhouse-gas-emissions,kt-co2e,4265.585
year/2001,FD 7,greenhouse-gas-emissions,kt-co2e,5028.162
year/2002,FD 1,greenhouse-gas-emissions,kt-co2e,650515.267
year/2002,FD 1,greenhouse-gas-emissions,kt-co2e,160471.4
year/2002,FD 2,greenhouse-gas-emissions,kt-co2e,5999.853
year/2002,FD 3,greenhouse-gas-emissions,kt-co2e,51516.815
year/2002,FD 4,greenhouse-gas-emissions,kt-co2e,47910.878
year/2002,FD 5,greenhouse-gas-emissions,kt-co2e,135449.512
year/2002,FD 6,greenhouse-gas-emissions,kt-co2e,6997.979
year/2002,FD 7,greenhouse-gas-emissions,kt-co2e,5632.819
year/2003,FD 1,greenhouse-gas-emissions,kt-co2e,648781.358
year/2003,FD 1,greenhouse-gas-emissions,kt-co2e,160827.5
year/2003,FD 2,greenhouse-gas-emissions,kt-co2e,6216.39
year/2003,FD 3,greenhouse-gas-emissions,kt-co2e,48667.266
year/2003,FD 4,greenhouse-gas-emissions,kt-co2e,49590.494
year/2003,FD 5,greenhouse-gas-emissions,kt-co2e,137362.032
year/2003,FD 6,greenhouse-gas-emissions,kt-co2e,5540.031
year/2003,FD 7,greenhouse-gas-emissions,kt-co2e,4273.231
year/2004,FD 1,greenhouse-gas-emissions,kt-co2e,675538.148
year/2004,FD 1,greenhouse-gas-emissions,kt-co2e,163576.0
year/2004,FD 2,greenhouse-gas-emissions,kt-co2e,6364.019
year/2004,FD 3,greenhouse-gas-emissions,kt-co2e,58340.22
year/2004,FD 4,greenhouse-gas-emissions,kt-co2e,53521.375
year/2004,FD 5,greenhouse-gas-emissions,kt-co2e,144466.24
year/2004,FD 6,greenhouse-gas-emissions,kt-co2e,3279.264
year/2004,FD 7,greenhouse-gas-emissions,kt-co2e,5706.807
year/2005,FD 1,greenhouse-gas-emissions,kt-co2e,676436.038
year/2005,FD 1,greenhouse-gas-emissions,kt-co2e,159865.0
year/2005,FD 2,greenhouse-gas-emissions,kt-co2e,6864.672
year/2005,FD 3,greenhouse-gas-emissions,kt-co2e,58562.87
year/2005,FD 4,greenhouse-gas-emissions,kt-co2e,52210.658
year/2005,FD 5,greenhouse-gas-emissions,kt-co2e,144927.233
year/2005,FD 6,greenhouse-gas-emissions,kt-co2e,3384.861
year/2005,FD 7,greenhouse-gas-emissions,kt-co2e,5545.95
year/2006,FD 1,greenhouse-gas-emissions,kt-co2e,671897.793
year/2006,FD 1,greenhouse-gas-emissions,kt-co2e,157396.9
year/2006,FD 2,greenhouse-gas-emissions,kt-co2e,6963.867
year/2006,FD 3,greenhouse-gas-emissions,kt-co2e,55753.753
year/2006,FD 4,greenhouse-gas-emissions,kt-co2e,50655.843
year/2006,FD 5,greenhouse-gas-emissions,kt-co2e,145513.82
year/2006,FD 6,greenhouse-gas-emissions,kt-co2e,4948.317
year/2006,FD 7,greenhouse-gas-emissions,kt-co2e,9033.788
year/2007,FD 1,greenhouse-gas-emissions,kt-co2e,667375.722
year/2007,FD 1,greenhouse-gas-emissions,kt-co2e,154285.7
year/2007,FD 2,greenhouse-gas-emissions,kt-co2e,6621.011
year/2007,FD 3,greenhouse-gas-emissions,kt-co2e,58487.536
year/2007,FD 4,greenhouse-gas-emissions,kt-co2e,50600.175
year/2007,FD 5,greenhouse-gas-emissions,kt-co2e,152028.099
year/2007,FD 6,greenhouse-gas-emissions,kt-co2e,3267.764
year/2007,FD 7,greenhouse-gas-emissions,kt-co2e,7168.923
year/2008,FD 1,greenhouse-gas-emissions,kt-co2e,614542.816
year/2008,FD 1,greenhouse-gas-emissions,kt-co2e,155227.2
year/2008,FD 2,greenhouse-gas-emissions,kt-co2e,6292.355
year/2008,FD 3,greenhouse-gas-emissions,kt-co2e,54313.009
year/2008,FD 4,greenhouse-gas-emissions,kt-co2e,46397.238
year/2008,FD 5,greenhouse-gas-emissions,kt-co2e,131490.264
year/2008,FD 6,greenhouse-gas-emissions,kt-co2e,1173.354
year/2008,FD 7,greenhouse-gas-emissions,kt-co2e,5358.004
year/2009,FD 1,greenhouse-gas-emissions,kt-co2e,553754.61
year/2009,FD 1,greenhouse-gas-emissions,kt-co2e,151281.5
year/2009,FD 2,greenhouse-gas-emissions,kt-co2e,6546.949
year/2009,FD 3,greenhouse-gas-emissions,kt-co2e,53439.464
year/2009,FD 4,greenhouse-gas-emissions,kt-co2e,42929.449
year/2009,FD 5,greenhouse-gas-emissions,kt-co2e,96747.431
year/2009,FD 6,greenhouse-gas-emissions,kt-co2e,1096.104
year/2009,FD 7,greenhouse-gas-emissions,kt-co2e,3701.967
year/2010,FD 1,greenhouse-gas-emissions,kt-co2e,559066.252
year/2010,FD 1,greenhouse-gas-emissions,kt-co2e,160476.1
year/2010,FD 2,greenhouse-gas-emissions,kt-co2e,6749.452
year/2010,FD 3,greenhouse-gas-emissions,kt-co2e,49067.439
year/2010,FD 4,greenhouse-gas-emissions,kt-co2e,39068.621
year/2010,FD 5,greenhouse-gas-emissions,kt-co2e,97964.94
year/2010,FD 6,greenhouse-gas-emissions,kt-co2e,700.623
year/2010,FD 7,greenhouse-gas-emissions,kt-co2e,6899.753
year/2011,FD 1,greenhouse-gas-emissions,kt-co2e,551776.637
year/2011,FD 1,greenhouse-gas-emissions,kt-co2e,141389.5
year/2011,FD 2,greenhouse-gas-emissions,kt-co2e,6063.524
year/2011,FD 3,greenhouse-gas-emissions,kt-co2e,47990.695
year/2011,FD 4,greenhouse-gas-emissions,kt-co2e,35723.554
year/2011,FD 5,greenhouse-gas-emissions,kt-co2e,99038.996
year/2011,FD 6,greenhouse-gas-emissions,kt-co2e,2364.087
year/2011,FD 7,greenhouse-gas-emissions,kt-co2e,7310.328
year/2012,FD 1,greenhouse-gas-emissions,kt-co2e,563995.938
year/2012,FD 1,greenhouse-gas-emissions,kt-co2e,149527.8
year/2012,FD 2,greenhouse-gas-emissions,kt-co2e,6630.47
year/2012,FD 3,greenhouse-gas-emissions,kt-co2e,52781.925
year/2012,FD 4,greenhouse-gas-emissions,kt-co2e,36166.373
year/2012,FD 5,greenhouse-gas-emissions,kt-co2e,99961.281
year/2012,FD 6,greenhouse-gas-emissions,kt-co2e,1711.83
year/2012,FD 7,greenhouse-gas-emissions,kt-co2e,5289.372
year/2013,FD 1,greenhouse-gas-emissions,kt-co2e,548244.64
year/2013,FD 1,greenhouse-gas-emissions,kt-co2e,151939.2
year/2013,FD 2,greenhouse-gas-emissions,kt-co2e,6169.577
year/2013,FD 3,greenhouse-gas-emissions,kt-co2e,50827.213
year/2013,FD 4,greenhouse-gas-emissions,kt-co2e,33285.806
year/2013,FD 5,greenhouse-gas-emissions,kt-co2e,99152.026
year/2013,FD 6,greenhouse-gas-emissions,kt-co2e,11562.622
year/2013,FD 7,greenhouse-gas-emissions,kt-co2e,6030.105
year/2014,FD 1,greenhouse-gas-emissions,kt-co2e,539355.983
year/2014,FD 1,greenhouse-gas-emissions,kt-co2e,139214.8
year/2014,FD 2,greenhouse-gas-emissions,kt-co2e,5810.221
year/2014,FD 3,greenhouse-gas-emissions,kt-co2e,50537.725
year/2014,FD 4,greenhouse-gas-emissions,kt-co2e,30924.925
year/2014,FD 5,greenhouse-gas-emissions,kt-co2e,107101.039
year/2014,FD 6,greenhouse-gas-emissions,kt-co2e,8567.844
year/2014,FD 7,greenhouse-gas-emissions,kt-co2e,13305.202
year/2015,FD 1,greenhouse-gas-emissions,kt-co2e,534174.034
year/2015,FD 1,greenhouse-gas-emissions,kt-co2e,143332.5
year/2015,FD 2,greenhouse-gas-emissions,kt-co2e,5774.36
year/2015,FD 3,greenhouse-gas-emissions,kt-co2e,47835.918
year/2015,FD 4,greenhouse-gas-emissions,kt-co2e,29424.812
year/2015,FD 5,greenhouse-gas-emissions,kt-co2e,114296.894
year/2015,FD 6,greenhouse-gas-emissions,kt-co2e,3391.73
year/2015,FD 7,greenhouse-gas-emissions,kt-co2e,8810.757
year/2016,FD 1,greenhouse-gas-emissions,kt-co2e,475748.468
year/2016,FD 1,greenhouse-gas-emissions,kt-co2e,145905.7
year/2016,FD 2,greenhouse-gas-emissions,kt-co2e,4643.777
year/2016,FD 3,greenhouse-gas-emissions,kt-co2e,38647.185
year/2016,FD 4,greenhouse-gas-emissions,kt-co2e,26134.645
year/2016,FD 5,greenhouse-gas-emissions,kt-co2e,105876.305
year/2016,FD 6,greenhouse-gas-emissions,kt-co2e,2948.748
year/2016,FD 7,greenhouse-gas-emissions,kt-co2e,3998.816
year/2017,FD 1,greenhouse-gas-emissions,kt-co2e,446151.323
year/2017,FD 1,greenhouse-gas-emissions,kt-co2e,144353.3
year/2017,FD 2,greenhouse-gas-emissions,kt-co2e,4916.208
year/2017,FD 3,greenhouse-gas-emissions,kt-co2e,40112.391
year/2017,FD 4,greenhouse-gas-emissions,kt-co2e,26387.066
year/2017,FD 5,greenhouse-gas-emissions,kt-co2e,101005.75
year/2017,FD 6,greenhouse-gas-emissions,kt-co2e,2328.616
year/2017,FD 7,greenhouse-gas-emissions,kt-co2e,3023.574
year/2018,FD 1,greenhouse-gas-emissions,kt-co2e,457816.078
year/2018,FD 1,greenhouse-gas-emissions,kt-co2e,148814.4
year/2018,FD 2,greenhouse-gas-emissions,kt-co2e,5071.888
year/2018,FD 3,greenhouse-gas-emissions,kt-co2e,41204.485
year/2018,FD 4,greenhouse-gas-emissions,kt-co2e,26215.356
year/2018,FD 5,greenhouse-gas-emissions,kt-co2e,100463.827
year/2018,FD 6,greenhouse-gas-emissions,kt-co2e,4423.621
year/2018,FD 7,greenhouse-gas-emissions,kt-co2e,3313.732
year/2019,FD 1,greenhouse-gas-emissions,kt-co2e,449432.937
year/2019,FD 1,greenhouse-gas-emissions,kt-co2e,147687.9
year/2019,FD 2,greenhouse-gas-emissions,kt-co2e,4627.828
year/2019,FD 3,greenhouse-gas-emissions,kt-co2e,40392.068
year/2019,FD 4,greenhouse-gas-emissions,kt-co2e,24876.499
year/2019,FD 5,greenhouse-gas-emissions,kt-co2e,97453.541
year/2019,FD 6,greenhouse-gas-emissions,kt-co2e,2056.516
year/2019,FD 7,greenhouse-gas-emissions,kt-co2e,7640.689
year/1990,FD 1,carbon-dioxide-emissions,kt-co2,425291.09
year/1990,FD 1,carbon-dioxide-emissions,kt-co2,138283.8
year/1990,FD 2,carbon-dioxide-emissions,kt-co2,4551.321
year/1990,FD 3,carbon-dioxide-emissions,kt-co2,35469.371
year/1990,FD 4,carbon-dioxide-emissions,kt-co2,23193.287
year/1990,FD 5,carbon-dioxide-emissions,kt-co2,102169.916
year/1990,FD 6,carbon-dioxide-emissions,kt-co2,164.3
year/1990,FD 7,carbon-dioxide-emissions,kt-co2,1393.959
year/1991,FD 1,carbon-dioxide-emissions,kt-co2,425683.046
year/1991,FD 1,carbon-dioxide-emissions,kt-co2,146760.8
year/1991,FD 2,carbon-dioxide-emissions,kt-co2,4651.705
year/1991,FD 3,carbon-dioxide-emissions,kt-co2,35337.798
year/1991,FD 4,carbon-dioxide-emissions,kt-co2,23496.654
year/1991,FD 5,carbon-dioxide-emissions,kt-co2,101871.507
year/1991,FD 6,carbon-dioxide-emissions,kt-co2,167.618
year/1991,FD 7,carbon-dioxide-emissions,kt-co2,1420.573
year/1992,FD 1,carbon-dioxide-emissions,kt-co2,400866.199
year/1992,FD 1,carbon-dioxide-emissions,kt-co2,145113.9
year/1992,FD 2,carbon-dioxide-emissions,kt-co2,4472.209
year/1992,FD 3,carbon-dioxide-emissions,kt-co2,33960.328
year/1992,FD 4,carbon-dioxide-emissions,kt-co2,22751.347
year/1992,FD 5,carbon-dioxide-emissions,kt-co2,95644.671
year/1992,FD 6,carbon-dioxide-emissions,kt-co2,160.074
year/1992,FD 7,carbon-dioxide-emissions,kt-co2,1383.577
year/1993,FD 1,carbon-dioxide-emissions,kt-co2,382510.229
year/1993,FD 1,carbon-dioxide-emissions,kt-co2,149779.3
year/1993,FD 2,carbon-dioxide-emissions,kt-co2,4968.922
year/1993,FD 3,carbon-dioxide-emissions,kt-co2,32784.708
year/1993,FD 4,carbon-dioxide-emissions,kt-co2,19978.881
year/1993,FD 5,carbon-dioxide-emissions,kt-co2,89369.387
year/1993,FD 6,carbon-dioxide-emissions,kt-co2,116.748
year/1993,FD 7,carbon-dioxide-emissions,kt-co2,3570.437
year/1994,FD 1,carbon-dioxide-emissions,kt-co2,376040.706
year/1994,FD 1,carbon-dioxide-emissions,kt-co2,144830.4
year/1994,FD 2,carbon-dioxide-emissions,kt-co2,4895.554
year/1994,FD 3,carbon-dioxide-emissions,kt-co2,32130.284
year/1994,FD 4,carbon-dioxide-emissions,kt-co2,18966.83
year/1994,FD 5,carbon-dioxide-emissions,kt-co2,90502.191
year/1994,FD 6,carbon-dioxide-emissions,kt-co2,111.904
year/1994,FD 7,carbon-dioxide-emissions,kt-co2,5138.283
year/1995,FD 1,carbon-dioxide-emissions,kt-co2,357117.051
year/1995,FD 1,carbon-dioxide-emissions,kt-co2,139700.9
year/1995,FD 2,carbon-dioxide-emissions,kt-co2,4749.726
year/1995,FD 3,carbon-dioxide-emissions,kt-co2,30150.461
year/1995,FD 4,carbon-dioxide-emissions,kt-co2,17815.204
year/1995,FD 5,carbon-dioxide-emissions,kt-co2,87747.086
year/1995,FD 6,carbon-dioxide-emissions,kt-co2,172.308
year/1995,FD 7,carbon-dioxide-emissions,kt-co2,5736.304
year/1996,FD 1,carbon-dioxide-emissions,kt-co2,349137.76
year/1996,FD 1,carbon-dioxide-emissions,kt-co2,154953.5
year/1996,FD 2,carbon-dioxide-emissions,kt-co2,5551.276
year/1996,FD 3,carbon-dioxide-emissions,kt-co2,37889.864
year/1996,FD 4,carbon-dioxide-emissions,kt-co2,18912.037
year/1996,FD 5,carbon-dioxide-emissions,kt-co2,80196.184
year/1996,FD 6,carbon-dioxide-emissions,kt-co2,1340.314
year/1996,FD 7,carbon-dioxide-emissions,kt-co2,3769.685
year/1997,FD 1,carbon-dioxide-emissions,kt-co2,415201.591
year/1997,FD 1,carbon-dioxide-emissions,kt-co2,148672.3
year/1997,FD 2,carbon-dioxide-emissions,kt-co2,4176.604
year/1997,FD 3,carbon-dioxide-emissions,kt-co2,29991.481
year/1997,FD 4,carbon-dioxide-emissions,kt-co2,18891.829
year/1997,FD 5,carbon-dioxide-emissions,kt-co2,104160.326
year/1997,FD 6,carbon-dioxide-emissions,kt-co2,1340.314
year/1997,FD 7,carbon-dioxide-emissions,kt-co2,4427.425
year/1998,FD 1,carbon-dioxide-emissions,kt-co2,433879.114
year/1998,FD 1,carbon-dioxide-emissions,kt-co2,150576.6
year/1998,FD 2,carbon-dioxide-emissions,kt-co2,4345.195
year/1998,FD 3,carbon-dioxide-emissions,kt-co2,30743.695
year/1998,FD 4,carbon-dioxide-emissions,kt-co2,20101.722
year/1998,FD 5,carbon-dioxide-emissions,kt-co2,110604.902
year/1998,FD 6,carbon-dioxide-emissions,kt-co2,1783.789
year/1998,FD 7,carbon-dioxide-emissions,kt-co2,7420.771
year/1999,FD 1,carbon-dioxide-emissions,kt-co2,432155.46
year/1999,FD 1,carbon-dioxide-emissions,kt-co2,151546.6
year/1999,FD 2,carbon-dioxide-emissions,kt-co2,4262.342
year/1999,FD 3,carbon-dioxide-emissions,kt-co2,30589.846
year/1999,FD 4,carbon-dioxide-emissions,kt-co2,19385.973
year/1999,FD 5,carbon-dioxide-emissions,kt-co2,109256.958
year/1999,FD 6,carbon-dioxide-emissions,kt-co2,1670.514
year/1999,FD 7,carbon-dioxide-emissions,kt-co2,5129.643
year/2000,FD 1,carbon-dioxide-emissions,kt-co2,441648.776
year/2000,FD 1,carbon-dioxide-emissions,kt-co2,151895.8
year/2000,FD 2,carbon-dioxide-emissions,kt-co2,4141.803
year/2000,FD 3,carbon-dioxide-emissions,kt-co2,31004.141
year/2000,FD 4,carbon-dioxide-emissions,kt-co2,19168.599
year/2000,FD 5,carbon-dioxide-emissions,kt-co2,112703.788
year/2000,FD 6,carbon-dioxide-emissions,kt-co2,2435.897
year/2000,FD 7,carbon-dioxide-emissions,kt-co2,5008.24
year/2001,FD 1,carbon-dioxide-emissions,kt-co2,455333.014
year/2001,FD 1,carbon-dioxide-emissions,kt-co2,155646.5
year/2001,FD 2,carbon-dioxide-emissions,kt-co2,4326.248
year/2001,FD 3,carbon-dioxide-emissions,kt-co2,32222.684
year/2001,FD 4,carbon-dioxide-emissions,kt-co2,19632.561
year/2001,FD 5,carbon-dioxide-emissions,kt-co2,111456.463
year/2001,FD 6,carbon-dioxide-emissions,kt-co2,2435.897
year/2001,FD 7,carbon-dioxide-emissions,kt-co2,4068.873
year/2002,FD 1,carbon-dioxide-emissions,kt-co2,456078.344
year/2002,FD 1,carbon-dioxide-emissions,kt-co2,154757.7
year/2002,FD 2,carbon-dioxide-emissions,kt-co2,4546.586
year/2002,FD 3,carbon-dioxide-emissions,kt-co2,36215.589
year/2002,FD 4,carbon-dioxide-emissions,kt-co2,20463.091
year/2002,FD 5,carbon-dioxide-emissions,kt-co2,109435.617
year/2002,FD 6,carbon-dioxide-emissions,kt-co2,3848.558
year/2002,FD 7,carbon-dioxide-emissions,kt-co2,3316.035
year/2003,FD 1,carbon-dioxide-emissions,kt-co2,462691.073
year/2003,FD 1,carbon-dioxide-emissions,kt-co2,155221.5
year/2003,FD 2,carbon-dioxide-emissions,kt-co2,4643.98
year/2003,FD 3,carbon-dioxide-emissions,kt-co2,36076.944
year/2003,FD 4,carbon-dioxide-emissions,kt-co2,20632.656
year/2003,FD 5,carbon-dioxide-emissions,kt-co2,110272.265
year/2003,FD 6,carbon-dioxide-emissions,kt-co2,3207.36
year/2003,FD 7,carbon-dioxide-emissions,kt-co2,3238.509
year/2004,FD 1,carbon-dioxide-emissions,kt-co2,481157.327
year/2004,FD 1,carbon-dioxide-emissions,kt-co2,157963.8
year/2004,FD 2,carbon-dioxide-emissions,kt-co2,4766.404
year/2004,FD 3,carbon-dioxide-emissions,kt-co2,41549.28
year/2004,FD 4,carbon-dioxide-emissions,kt-co2,22679.715
year/2004,FD 5,carbon-dioxide-emissions,kt-co2,117155.351
year/2004,FD 6,carbon-dioxide-emissions,kt-co2,1843.475
year/2004,FD 7,carbon-dioxide-emissions,kt-co2,4414.471
year/2005,FD 1,carbon-dioxide-emissions,kt-co2,483823.745
year/2005,FD 1,carbon-dioxide-emissions,kt-co2,154294.6
year/2005,FD 2,carbon-dioxide-emissions,kt-co2,5143.148
year/2005,FD 3,carbon-dioxide-emissions,kt-co2,41778.287
year/2005,FD 4,carbon-dioxide-emissions,kt-co2,23107.212
year/2005,FD 5,carbon-dioxide-emissions,kt-co2,117543.717
year/2005,FD 6,carbon-dioxide-emissions,kt-co2,2104.179
year/2005,FD 7,carbon-dioxide-emissions,kt-co2,4090.326
year/2006,FD 1,carbon-dioxide-emissions,kt-co2,482423.181
year/2006,FD 1,carbon-dioxide-emissions,kt-co2,151745.4
year/2006,FD 2,carbon-dioxide-emissions,kt-co2,5228.471
year/2006,FD 3,carbon-dioxide-emissions,kt-co2,40013.186
year/2006,FD 4,carbon-dioxide-emissions,kt-co2,22950.551
year/2006,FD 5,carbon-dioxide-emissions,kt-co2,117899.835
year/2006,FD 6,carbon-dioxide-emissions,kt-co2,3513.577
year/2006,FD 7,carbon-dioxide-emissions,kt-co2,6286.95
year/2007,FD 1,carbon-dioxide-emissions,kt-co2,485795.783
year/2007,FD 1,carbon-dioxide-emissions,kt-co2,148729.4
year/2007,FD 2,carbon-dioxide-emissions,kt-co2,5100.294
year/2007,FD 3,carbon-dioxide-emissions,kt-co2,42872.792
year/2007,FD 4,carbon-dioxide-emissions,kt-co2,23762.205
year/2007,FD 5,carbon-dioxide-emissions,kt-co2,124909.788
year/2007,FD 6,carbon-dioxide-emissions,kt-co2,2360.884
year/2007,FD 7,carbon-dioxide-emissions,kt-co2,5608.579
year/2008,FD 1,carbon-dioxide-emissions,kt-co2,448445.101
year/2008,FD 1,carbon-dioxide-emissions,kt-co2,149790.8
year/2008,FD 2,carbon-dioxide-emissions,kt-co2,4898.484
year/2008,FD 3,carbon-dioxide-emissions,kt-co2,40649.468
year/2008,FD 4,carbon-dioxide-emissions,kt-co2,21681.987
year/2008,FD 5,carbon-dioxide-emissions,kt-co2,107552.965
year/2008,FD 6,carbon-dioxide-emissions,kt-co2,754.853
year/2008,FD 7,carbon-dioxide-emissions,kt-co2,2412.735
year/2009,FD 1,carbon-dioxide-emissions,kt-co2,393803.638
year/2009,FD 1,carbon-dioxide-emissions,kt-co2,146017.7
year/2009,FD 2,carbon-dioxide-emissions,kt-co2,5048.998
year/2009,FD 3,carbon-dioxide-emissions,kt-co2,38663.427
year/2009,FD 4,carbon-dioxide-emissions,kt-co2,20060.955
year/2009,FD 5,carbon-dioxide-emissions,kt-co2,77607.408
year/2009,FD 6,carbon-dioxide-emissions,kt-co2,890.251
year/2009,FD 7,carbon-dioxide-emissions,kt-co2,2826.184
year/2010,FD 1,carbon-dioxide-emissions,kt-co2,402565.095
year/2010,FD 1,carbon-dioxide-emissions,kt-co2,155119.4
year/2010,FD 2,carbon-dioxide-emissions,kt-co2,5043.857
year/2010,FD 3,carbon-dioxide-emissions,kt-co2,36698.77
year/2010,FD 4,carbon-dioxide-emissions,kt-co2,19042.025
year/2010,FD 5,carbon-dioxide-emissions,kt-co2,79344.492
year/2010,FD 6,carbon-dioxide-emissions,kt-co2,480.572
year/2010,FD 7,carbon-dioxide-emissions,kt-co2,4688.382
year/2011,FD 1,carbon-dioxide-emissions,kt-co2,395291.182
year/2011,FD 1,carbon-dioxide-emissions,kt-co2,136247.8
year/2011,FD 2,carbon-dioxide-emissions,kt-co2,4653.788
year/2011,FD 3,carbon-dioxide-emissions,kt-co2,35745.808
year/2011,FD 4,carbon-dioxide-emissions,kt-co2,17296.388
year/2011,FD 5,carbon-dioxide-emissions,kt-co2,79717.909
year/2011,FD 6,carbon-dioxide-emissions,kt-co2,1553.787
year/2011,FD 7,carbon-dioxide-emissions,kt-co2,4923.717
year/2012,FD 1,carbon-dioxide-emissions,kt-co2,400636.681
year/2012,FD 1,carbon-dioxide-emissions,kt-co2,144258.0
year/2012,FD 2,carbon-dioxide-emissions,kt-co2,5042.416
year/2012,FD 3,carbon-dioxide-emissions,kt-co2,38364.421
year/2012,FD 4,carbon-dioxide-emissions,kt-co2,17719.859
year/2012,FD 5,carbon-dioxide-emissions,kt-co2,80415.611
year/2012,FD 6,carbon-dioxide-emissions,kt-co2,1136.432
year/2012,FD 7,carbon-dioxide-emissions,kt-co2,3928.341
year/2013,FD 1,carbon-dioxide-emissions,kt-co2,389494.383
year/2013,FD 1,carbon-dioxide-emissions,kt-co2,146534.9
year/2013,FD 2,carbon-dioxide-emissions,kt-co2,4735.363
year/2013,FD 3,carbon-dioxide-emissions,kt-co2,37545.844
year/2013,FD 4,carbon-dioxide-emissions,kt-co2,16888.566
year/2013,FD 5,carbon-dioxide-emissions,kt-co2,80048.807
year/2013,FD 6,carbon-dioxide-emissions,kt-co2,7184.677
year/2013,FD 7,carbon-dioxide-emissions,kt-co2,4399.659
year/2014,FD 1,carbon-dioxide-emissions,kt-co2,379700.127
year/2014,FD 1,carbon-dioxide-emissions,kt-co2,133954.2
year/2014,FD 2,carbon-dioxide-emissions,kt-co2,4421.122
year/2014,FD 3,carbon-dioxide-emissions,kt-co2,37290.027
year/2014,FD 4,carbon-dioxide-emissions,kt-co2,15928.909
year/2014,FD 5,carbon-dioxide-emissions,kt-co2,86204.272
year/2014,FD 6,carbon-dioxide-emissions,kt-co2,5896.439
year/2014,FD 7,carbon-dioxide-emissions,kt-co2,8635.846
year/2015,FD 1,carbon-dioxide-emissions,kt-co2,373874.319
year/2015,FD 1,carbon-dioxide-emissions,kt-co2,137986.8
year/2015,FD 2,carbon-dioxide-emissions,kt-co2,4396.981
year/2015,FD 3,carbon-dioxide-emissions,kt-co2,35077.252
year/2015,FD 4,carbon-dioxide-emissions,kt-co2,15183.653
year/2015,FD 5,carbon-dioxide-emissions,kt-co2,92298.48
year/2015,FD 6,carbon-dioxide-emissions,kt-co2,2229.259
year/2015,FD 7,carbon-dioxide-emissions,kt-co2,5883.624
year/2016,FD 1,carbon-dioxide-emissions,kt-co2,334121.704
year/2016,FD 1,carbon-dioxide-emissions,kt-co2,140551.3
year/2016,FD 2,carbon-dioxide-emissions,kt-co2,3602.843
year/2016,FD 3,carbon-dioxide-emissions,kt-co2,29127.822
year/2016,FD 4,carbon-dioxide-emissions,kt-co2,13012.82
year/2016,FD 5,carbon-dioxide-emissions,kt-co2,85423.635
year/2016,FD 6,carbon-dioxide-emissions,kt-co2,2019.649
year/2016,FD 7,carbon-dioxide-emissions,kt-co2,3203.423
year/2017,FD 1,carbon-dioxide-emissions,kt-co2,315188.324
year/2017,FD 1,carbon-dioxide-emissions,kt-co2,139057.5
year/2017,FD 2,carbon-dioxide-emissions,kt-co2,3747.717
year/2017,FD 3,carbon-dioxide-emissions,kt-co2,29339.352
year/2017,FD 4,carbon-dioxide-emissions,kt-co2,12919.659
year/2017,FD 5,carbon-dioxide-emissions,kt-co2,81803.568
year/2017,FD 6,carbon-dioxide-emissions,kt-co2,1519.618
year/2017,FD 7,carbon-dioxide-emissions,kt-co2,2298.22
year/2018,FD 1,carbon-dioxide-emissions,kt-co2,321729.295
year/2018,FD 1,carbon-dioxide-emissions,kt-co2,143544.8
year/2018,FD 2,carbon-dioxide-emissions,kt-co2,3895.442
year/2018,FD 3,carbon-dioxide-emissions,kt-co2,30097.34
year/2018,FD 4,carbon-dioxide-emissions,kt-co2,12915.923
year/2018,FD 5,carbon-dioxide-emissions,kt-co2,81155.984
year/2018,FD 6,carbon-dioxide-emissions,kt-co2,2809.061
year/2018,FD 7,carbon-dioxide-emissions,kt-co2,2577.788
year/2019,FD 1,carbon-dioxide-emissions,kt-co2,310810.215
year/2019,FD 1,carbon-dioxide-emissions,kt-co2,142648.6
year/2019,FD 2,carbon-dioxide-emissions,kt-co2,3532.205
year/2019,FD 3,carbon-dioxide-emissions,kt-co2,29270.829
year/2019,FD 4,carbon-dioxide-emissions,kt-co2,11971.995
year/2019,FD 5,carbon-dioxide-emissions,kt-co2,78284.634
year/2019,FD 6,carbon-dioxide-emissions,kt-co2,1283.512
year/2019,FD 7,carbon-dioxide-emissions,kt-co2,4618.025
